{
  "report": {
    "timestamp": "2026-03-17T21:09:48.134Z",
    "corpusSize": 341,
    "overall": {
      "precision": 1,
      "recall": 0.9875389408099688,
      "f1": 0.9937304075235109,
      "accuracy": 0.9882697947214076,
      "fpRate": 0,
      "confusion": {
        "tp": 317,
        "fp": 0,
        "tn": 20,
        "fn": 4
      },
      "sampleCount": 341
    },
    "latency": {
      "p50": 4.853125000000091,
      "p95": 10.480249999999842,
      "p99": 18.159541999999988,
      "mean": 5.545068782991197,
      "max": 35.314332999999976
    },
    "byCategory": [
      {
        "category": "prompt-injection",
        "metrics": {
          "precision": 1,
          "recall": 0.9868421052631579,
          "f1": 0.9933774834437086,
          "accuracy": 0.9868421052631579,
          "fpRate": 0,
          "confusion": {
            "tp": 150,
            "fp": 0,
            "tn": 0,
            "fn": 2
          },
          "sampleCount": 152
        },
        "missedSamples": [
          "pi-009",
          "pi-019"
        ],
        "falsePositives": []
      },
      {
        "category": "tool-poisoning",
        "metrics": {
          "precision": 1,
          "recall": 0.9833333333333333,
          "f1": 0.9915966386554621,
          "accuracy": 0.9833333333333333,
          "fpRate": 0,
          "confusion": {
            "tp": 59,
            "fp": 0,
            "tn": 0,
            "fn": 1
          },
          "sampleCount": 60
        },
        "missedSamples": [
          "tp-010"
        ],
        "falsePositives": []
      },
      {
        "category": "context-exfiltration",
        "metrics": {
          "precision": 1,
          "recall": 0.9565217391304348,
          "f1": 0.9777777777777777,
          "accuracy": 0.9565217391304348,
          "fpRate": 0,
          "confusion": {
            "tp": 22,
            "fp": 0,
            "tn": 0,
            "fn": 1
          },
          "sampleCount": 23
        },
        "missedSamples": [
          "ex-009"
        ],
        "falsePositives": []
      },
      {
        "category": "skill-compromise",
        "metrics": {
          "precision": 1,
          "recall": 1,
          "f1": 1,
          "accuracy": 1,
          "fpRate": 0,
          "confusion": {
            "tp": 8,
            "fp": 0,
            "tn": 0,
            "fn": 0
          },
          "sampleCount": 8
        },
        "missedSamples": [],
        "falsePositives": []
      },
      {
        "category": "benign",
        "metrics": {
          "precision": 1,
          "recall": 1,
          "f1": 1,
          "accuracy": 1,
          "fpRate": 0,
          "confusion": {
            "tp": 0,
            "fp": 0,
            "tn": 20,
            "fn": 0
          },
          "sampleCount": 20
        },
        "missedSamples": [],
        "falsePositives": []
      },
      {
        "category": "agent-manipulation",
        "metrics": {
          "precision": 1,
          "recall": 1,
          "f1": 1,
          "accuracy": 1,
          "fpRate": 0,
          "confusion": {
            "tp": 31,
            "fp": 0,
            "tn": 0,
            "fn": 0
          },
          "sampleCount": 31
        },
        "missedSamples": [],
        "falsePositives": []
      },
      {
        "category": "data-poisoning",
        "metrics": {
          "precision": 1,
          "recall": 1,
          "f1": 1,
          "accuracy": 1,
          "fpRate": 0,
          "confusion": {
            "tp": 9,
            "fp": 0,
            "tn": 0,
            "fn": 0
          },
          "sampleCount": 9
        },
        "missedSamples": [],
        "falsePositives": []
      },
      {
        "category": "excessive-autonomy",
        "metrics": {
          "precision": 1,
          "recall": 1,
          "f1": 1,
          "accuracy": 1,
          "fpRate": 0,
          "confusion": {
            "tp": 23,
            "fp": 0,
            "tn": 0,
            "fn": 0
          },
          "sampleCount": 23
        },
        "missedSamples": [],
        "falsePositives": []
      },
      {
        "category": "model-abuse",
        "metrics": {
          "precision": 1,
          "recall": 1,
          "f1": 1,
          "accuracy": 1,
          "fpRate": 0,
          "confusion": {
            "tp": 4,
            "fp": 0,
            "tn": 0,
            "fn": 0
          },
          "sampleCount": 4
        },
        "missedSamples": [],
        "falsePositives": []
      },
      {
        "category": "privilege-escalation",
        "metrics": {
          "precision": 1,
          "recall": 1,
          "f1": 1,
          "accuracy": 1,
          "fpRate": 0,
          "confusion": {
            "tp": 11,
            "fp": 0,
            "tn": 0,
            "fn": 0
          },
          "sampleCount": 11
        },
        "missedSamples": [],
        "falsePositives": []
      }
    ],
    "byDifficulty": [
      {
        "difficulty": "easy",
        "metrics": {
          "precision": 1,
          "recall": 1,
          "f1": 1,
          "accuracy": 1,
          "fpRate": 0,
          "confusion": {
            "tp": 303,
            "fp": 0,
            "tn": 12,
            "fn": 0
          },
          "sampleCount": 315
        }
      },
      {
        "difficulty": "medium",
        "metrics": {
          "precision": 1,
          "recall": 0.7692307692307693,
          "f1": 0.8695652173913044,
          "accuracy": 0.8333333333333334,
          "fpRate": 0,
          "confusion": {
            "tp": 10,
            "fp": 0,
            "tn": 5,
            "fn": 3
          },
          "sampleCount": 18
        }
      },
      {
        "difficulty": "hard",
        "metrics": {
          "precision": 1,
          "recall": 0.8,
          "f1": 0.888888888888889,
          "accuracy": 0.875,
          "fpRate": 0,
          "confusion": {
            "tp": 4,
            "fp": 0,
            "tn": 3,
            "fn": 1
          },
          "sampleCount": 8
        }
      }
    ],
    "missedAttacks": [
      {
        "id": "pi-009",
        "category": "prompt-injection",
        "expectedDetection": true,
        "actualDetection": false,
        "matchedRules": [],
        "confidence": 0,
        "latencyMs": 3.980875000000026,
        "difficulty": "medium",
        "tier": "regex"
      },
      {
        "id": "pi-019",
        "category": "prompt-injection",
        "expectedDetection": true,
        "actualDetection": false,
        "matchedRules": [],
        "confidence": 0,
        "latencyMs": 4.832500000000039,
        "difficulty": "hard",
        "tier": "embedding"
      },
      {
        "id": "tp-010",
        "category": "tool-poisoning",
        "expectedDetection": true,
        "actualDetection": false,
        "matchedRules": [],
        "confidence": 0,
        "latencyMs": 3.3954590000000735,
        "difficulty": "medium",
        "tier": "regex"
      },
      {
        "id": "ex-009",
        "category": "context-exfiltration",
        "expectedDetection": true,
        "actualDetection": false,
        "matchedRules": [],
        "confidence": 0,
        "latencyMs": 4.491041999999993,
        "difficulty": "medium",
        "tier": "regex"
      }
    ],
    "falsePositives": []
  },
  "regression": {
    "passed": true,
    "violations": []
  },
  "corpusStats": {
    "total": 341,
    "attacks": 321,
    "benign": 20,
    "byCategory": {
      "prompt-injection": 152,
      "tool-poisoning": 60,
      "context-exfiltration": 23,
      "skill-compromise": 8,
      "benign": 20,
      "agent-manipulation": 31,
      "data-poisoning": 9,
      "excessive-autonomy": 23,
      "model-abuse": 4,
      "privilege-escalation": 11
    },
    "byDifficulty": {
      "easy": 315,
      "medium": 18,
      "hard": 8
    }
  },
  "ruleQuality": {
    "totalRulesEvaluated": 61,
    "rulesFired": 34,